{"gtsrb": 98.17893903404592, "ucf101": 44.06555643669046, "svhn": 94.47602950215119, "daimlerpedcls": 92.05102040816327, "omniglot": 84.9414664202095, "dtd": 50.212765957446805, "vgg-flowers": 74.0608228980322, "cifar100": 77.14, "aircraft": 38.49384938493849, "imagenet": 60.32, "vdd_score": 1692.1815290870466}