{"gtsrb": 98.19477434679335, "ucf101": 44.22416071900608, "svhn": 94.49907805777505, "daimlerpedcls": 94.06122448979592, "omniglot": 84.78126925446703, "dtd": 51.276595744680854, "vgg-flowers": 73.60546430313872, "cifar100": 77.44, "aircraft": 38.313831383138314, "imagenet": 60.32, "vdd_score": 1847.0786573029486}